{
  "Python": {
    "Переменные": {
      "code": "x = 5\nprint(x)",
      "description": "Объявление переменной и вывод значения."
    },
    "Циклы": {
      "code": "for i in range(5):\n    print(i)",
      "description": "Простой цикл for от 0 до 4."
    },
    "test": {
      "code": "test",
      "description": "test",
      "notes": "test"
    }
  },
  "JavaScript": {
    "Переменные": {
      "code": "let x = 5;\nconsole.log(x);",
      "description": "Объявление переменной с выводом в консоль."
    }
  }
}